step,seconds,share
read_parquet,4.37,0.006882787788742016
completeness_log,1.47,0.002315262711544797
add_trip_id,247.05,0.38910588631778376
connect_and_load_code_maps,0.09,0.0001417507782578447
hard_checks,42.59,0.06707961828890674
quarantine_write,4.31,0.006788287269903452
soft_checks,1.44,0.0022680124521255152
dims_upsert,163.2,0.25704141124089175
prepare_fact_rows,2.78,0.004378524039520092
fact_insert,161.8,0.2548363991346586
mart_refresh,2.79,0.0043942741259931865
"other (connections, pipeline_run, logging)",3.03,0.0047722762013474385
